UID,Tag,day,mode,success,time,os,version,device1,device2,device_code1,device_code2,mac1,ip1,ip2,device_code3,mac2,wifi,geo_code,ip1_sub,ip2_sub
10000,1,30,c8741ce15ceac2a4,1,17:51:50,102,7.0.9,49dd36968dbfadda,OPPO R11,ecb58082e0e9b8e2,00fa2e4ba95605ef,,55dd8936655c86f6,,,a8dc52f65085212e,,wskx,e58e48fb9215116e,
10001,0,16,20a91b45ef8f8221,1,8:36:00,200,,,,,,,,fc7fc47d6c93f554,,,,,,3502c553ea2ac187
10002,0,8,b668e42707ee9c7b,0,18:09:57,102,7.0.5,630a1adff2a87007,MI MAX 2,1da225cb679a37eb,f18538156b8f9b57,a8dc52f65085212e,2147d925e7a8ba3c,,,,,,3591678eca3f7a23,
10003,0,23,c8741ce15ceac2a4,1,23:53:49,102,7.0.9,630a1adff2a87007,MI 5X,d0c285513b785609,a7e79e3c2c85c8c7,,c52efc665f0af581,,,04a2d6c090518faa,4ff1553b1c96360e,wm4v,fdb5e20f6a6f2cd7,
10004,0,26,acfaded7e04e7ba0,1,11:11:15,102,7.0.0,8399be6b80847240,,27efd832595503f6,b6457e2264266257,,0fe293bea342665a,,,1ab9dc3eae102aa6,,,f5009e2c6c13c80c,
10005,0,27,c8741ce15ceac2a4,1,16:44:31,102,7.0.9,a92470e4f878a3f4,M6 NOTE,2bd7dd548de5c1eb,a3f306f70f99d3c5,,907bb247d8ab8fdd,,,a8dc52f65085212e,,ws90,46649b2cd10a7d41,
10006,0,27,c8741ce15ceac2a4,1,21:02:12,102,7.0.9,dcc26c88f36170cc,SM-G955F,c50faf7eba139d67,483ddc3a31666b8f,,211d0e54f3da2e8d,,,b910ea1cd2e10a1d,6ec718bbccbaedd2,ws45,d7833f8214e8019f,
10007,0,8,c8741ce15ceac2a4,1,18:59:56,102,7.0.5,a92470e4f878a3f4,M3 MAX,39c97da95ebca34e,476e25c0b0bcfa97,,1c682213d73d8f41,,,a8dc52f65085212e,,ws2x,5ec2ddaaa2c6a044,
10008,0,19,479617cd802ed152,1,9:12:26,200,,,,,,,,fa3ae43e9f767109,,,,,,f9c9ec38dd0f9149
10009,0,16,c8741ce15ceac2a4,1,15:25:32,102,7.0.5,8f970961c66d9ec6,ZTE V0840,9778c2c441240765,e7a501e84cf8c9b9,,9549680e109c5d8c,,,a8dc52f65085212e,,ws82,cadff7d686628ff8,
10010,0,5,c8741ce15ceac2a4,1,11:38:45,102,7.0.5,09baf2f39bc3dc86,DIG-AL00,a4fb5d9da21710b3,8a08140e76b723f6,,c3c8e0295334c220,,,dd1b0f3d55b30b1d,,wkjm,6c0405d0884b9c11,
10011,0,13,c8741ce15ceac2a4,1,9:13:18,102,7.0.9,49dd36968dbfadda,OPPO R11,3fd9f025b811f79f,225ac00ef2cace23,,15f659ea515f0115,,,a8dc52f65085212e,0edb381e0970caf1,wwdj,8195468a23d2cc2e,
10012,0,10,c8741ce15ceac2a4,0,14:39:25,102,7.0.2,09baf2f39bc3dc86,RNE-AL00,5db26fba5a8b85d8,a7934b8636f6a6f0,,d7bffe47d07b5895,,,a8dc52f65085212e,dd7e478a78524d7b,wmxb,adbef2debfa3b7ad,
10013,0,1,c8741ce15ceac2a4,1,15:05:34,102,7.0.5,d2cf44cec09806cc,VIVO Y66,568e312219d9f325,91eee15e5931e20e,,e11ecfc408f09405,,,f880209561d479a5,0d83dd64e639b5da,wwew,23d44bdb4b6b98d3,
10014,0,30,d25caee90b27fa9b,0,15:09:13,102,7.0.9,09baf2f39bc3dc86,,d125c8bd2bad72ab,88e5ddf66bbd516d,,f4f6fca25d4200a7,,,a8dc52f65085212e,,wtgf,21c1c4d691e404bf,
10015,0,3,c8741ce15ceac2a4,1,22:19:02,102,7.0.2,2c0f832d5d75448c,1607-A01,80f5fb4d6ad61a59,ef1a12b7411ae79c,,d5eaba575d21721a,,,a42638f0475aaa44,deccd43b265ed859,,0f276d732fba6d81,
10016,0,27,c8741ce15ceac2a4,1,10:04:46,102,7.0.9,09baf2f39bc3dc86,FRD-AL10,4ebe60a9b9438043,400997e5902fc16d,,99c5eee2b5b05ed9,,,88fcb6dbbb911dda,,ws2c,bb09635ca1aed214,
10017,0,16,c8741ce15ceac2a4,1,15:52:36,102,7.0.9,09baf2f39bc3dc86,LLD-AL00,75f67be5473897ed,793aaf1d515dfc0a,,c124cfd3e5e98866,,,a8dc52f65085212e,,,1b9ced1fdbf46091,
10018,0,19,d25caee90b27fa9b,1,20:39:19,102,7.0.9,09baf2f39bc3dc86,VTR-AL00,e6b670ab955aa3bb,9091f8c22163aaab,,,,,a8dc52f65085212e,33c45cb5f87dda0a,wtm7,,
10019,1,8,d25caee90b27fa9b,1,10:05:41,103,7.0.5,aca4977fbe8741e1,,,,,eff15caff41c84e6,,92342dea2ad2240d,,,,86b04f0307f27b32,
10020,0,20,c8741ce15ceac2a4,1,14:20:33,102,7.0.9,49dd36968dbfadda,OPPO A79,11fe6274612fcc56,b2dc390fcfa73bac,,73e4ceee4d7644a8,,,a8dc52f65085212e,3601680d8b136643,wm42,ed2ab573b1d3a40c,
10021,1,20,4c3d45ed38eefb7a,1,14:58:10,102,7.0.9,49dd36968dbfadda,OPPO A59M,9ab48b2f979d5207,2879e765fc4d9443,46d217c1a97c0164,5d4ec8a1eef788be,,,,,ws34,a168783677f0d6c8,
10022,0,18,acfaded7e04e7ba0,1,8:51:09,102,7.0.0,8399be6b80847240,,1c41c94d5c36a070,a2de002aabb297ea,,0fe293bea342665a,,,9799899ea604be28,,,f5009e2c6c13c80c,
10023,0,26,d25caee90b27fa9b,1,12:12:35,102,7.0.9,d2cf44cec09806cc,,72b2fb07e92da0e8,9eeae2fbe7b32b52,,4e38c93e569a295c,,,f9fb7926ee49b338,,ybm3,88febda85c2b8cac,
10024,0,22,c8741ce15ceac2a4,1,10:16:35,102,7.0.9,49dd36968dbfadda,OPPO R9KM,cb2a08fad5c3f801,8669ced9949ad96d,,074fd924cd2c77dd,,,0d32ab2ba637c0a3,,wxze,4ae0d0e45a3b0efc,
10025,0,18,c8741ce15ceac2a4,1,17:03:40,102,7.0.9,d2cf44cec09806cc,VIVO X9,7fb11fc549eb02c9,4c12ae4e736b097a,,403925799906e50d,,,7ab0c965ec58a539,,wtm9,1e8dba4b7e3e9df5,
10026,0,22,79f8b86938180c3c,,15:58:03,200,,,,,,,,,,,,,,
10027,0,22,072eee5c88d380df,1,17:39:17,102,7.0.9,0a7a83d1be65bbdc,LE X621,3a0cd5a43c254eac,9688387912d3deeb,2c64c7b1a88a7e4c,66d47453be62cd9a,,,,,,eac358913fccf514,
10028,0,28,00094ae2a1d62504,1,14:01:31,200,,,,,,,,4269f228ef666eba,,,,,,d1811df427e96b1f
10029,0,20,c8741ce15ceac2a4,1,14:22:36,102,7.0.9,49dd36968dbfadda,OPPO R9S,b3bf29eba593b37c,b2b3d5421a6a7fed,,131e196d6656a66f,,,0c5002c308557102,,wsbq,17be54063c288d35,
10030,0,30,d25caee90b27fa9b,1,15:09:00,102,4.1.7,09baf2f39bc3dc86,,00914e637af286b8,b3b014bbbcb0ada4,,329ad082dc996703,,,bb4ef193837eed83,,,d212bf8069071714,
10031,0,12,c8741ce15ceac2a4,1,13:48:37,102,7.0.5,630a1adff2a87007,REDMI 3X,3799db77be0d8c3a,b9fbcdfd371a44d4,,b7d7f0ac8e5a21da,,,a8dc52f65085212e,,wmd6,540e57b47b8bf980,
10032,0,4,6b2aa6745680f08a,1,21:37:38,200,,,,,,,,0c6701c8193acf05,,,,,,3fb619373a95d545
10033,0,28,2f3e878175e34d9c,1,18:59:32,102,7.0.9,dcc26c88f36170cc,SM-G9250,214b1ba852ddce5a,ccb53846a653efde,ff5483e156e1b6ed,b773b4151e3b058f,,,,,ww0f,98a7b9ae031db6df,
10034,0,15,c8741ce15ceac2a4,1,16:45:23,102,7.0.9,d2cf44cec09806cc,VIVO Y66,23294b405c704c3b,e071493063a43cbb,,0246aecede4655a8,,,dfe7962133cd1b01,5655d205474af525,wt4q,1e6041fb9d302a70,
10035,0,13,00094ae2a1d62504,1,21:44:25,200,,,,,,,,ed2788bd1b6b45cf,,,,,,e008ee10c0a23bfa
10036,0,1,2f3e878175e34d9c,1,15:14:18,102,7.0.5,49dd36968dbfadda,OPPO R9M,b099b1d1717c27ea,b2629023bb3d0073,3fe8b1fe99defc34,8f8542484608af11,,,,,yb3s,a4e58d0f11e2e901,
10037,0,20,09080b31b40d57e8,1,13:44:05,102,7.0.5,09baf2f39bc3dc86,HUAWEI C8813,940a17a683317b6d,,fb9cf703570e3184,2a52e7a98b1bda73,,,,,wzdh,26dfbd1ee9da3226,
10038,0,4,cd75f033b0488ace,1,8:01:26,200,,,,,,,,2ac68fce59b4acea,,,,,,8e370824fb1cd050
10039,0,1,d25caee90b27fa9b,1,10:55:48,102,7.0.5,49dd36968dbfadda,,87152c8753fe2af9,505f8944ca59abfe,,2fbf7d23e59e7097,,,9225b5d1be482f67,,wm4s,e9b94e2c5a2f25c8,
10040,0,9,c8741ce15ceac2a4,1,8:33:52,102,7.0.5,0a7a83d1be65bbdc,LE X820,afdcbc131828bce7,dadfc79815d97cb3,,f4027ca28cdf2a51,,,052f42cacb9516dd,,wsu1,cd42ebfd7fcd935e,
10041,1,15,c8741ce15ceac2a4,1,13:49:35,102,7.0.5,09baf2f39bc3dc86,BND-AL00,5ccfc339e9b41af5,2f8c2ccdb0c0b484,,12c3aee5e0aa42e1,,,a8dc52f65085212e,7906448014c20bf6,y8n6,5ee2b30774f1a58a,
10042,0,16,00094ae2a1d62504,1,9:03:10,200,,,,,,,,0ede705afa586f21,,,,,,b107025c00adad57
10043,0,13,c8741ce15ceac2a4,1,9:56:26,102,7.0.2,09baf2f39bc3dc86,BND-AL10,35574eed91a908cf,2eed1d097fc081be,,b1f8538024a26995,,,a8dc52f65085212e,3ab2b540ba0b3b28,,8fb13705f90f388b,
10044,0,28,acfaded7e04e7ba0,1,18:48:45,102,7.0.0,8399be6b80847240,,9caadaf7ed568dbc,e8d41506349a35f7,,0fe293bea342665a,,,cf4b632160d98e8b,,,f5009e2c6c13c80c,
10045,0,27,d25caee90b27fa9b,1,13:15:52,102,4.1.7,09baf2f39bc3dc86,,6af725b6dfac61a5,a0cdd20d794621cb,,99533c7d37963762,,,266f839376c4f96d,,,72309d88abb9b916,
10046,0,27,c8741ce15ceac2a4,1,12:23:54,102,7.0.9,49dd36968dbfadda,OPPO R9 PLUSM A,f8e9b0b9b0afbf15,861ece035707b001,,b2682f31b01bd78b,,,45ed411689a59471,c0504afb39cace55,wky8,aa254c5691129e91,
10047,0,8,d25caee90b27fa9b,1,15:12:39,102,7.0.5,d2cf44cec09806cc,,b1d38acffca49db3,c3cc7fb34068ba91,,b5f0863daa8ca9a3,,,ba4c76f991de3fea,,wxw0,3605dd09ca7043ca,
10048,0,30,d25caee90b27fa9b,1,16:48:01,103,7.0.7,aca4977fbe8741e1,,,,,772accbca0032da9,,2fc49fa0e11a9f65,,,,2d04f1c27d2d150f,
10049,0,8,c8741ce15ceac2a4,1,9:14:20,102,7.0.5,09baf2f39bc3dc86,BKL-AL20,44e95ffb6590dbd8,93b60131e4a7fe7e,,b69bd320733de544,,,a8dc52f65085212e,1f6fe90f9b9ebb68,y8wp,c8cc7186e8b879cb,
10050,0,23,c8741ce15ceac2a4,1,7:05:17,102,7.0.9,d2cf44cec09806cc,VIVO Y67A,bbcb20237d1b5379,436c845e92c87645,,834fa6169c5ce943,,,d212a64dbeb739bb,6f0c9a913767c5a9,wtgf,7622810c620602df,
10051,0,8,79f8b86938180c3c,,9:55:10,200,,,,,,,,,,,,,,
10052,0,23,d25caee90b27fa9b,0,8:51:36,102,7.0.9,49dd36968dbfadda,,e593b693b87aee5f,13a0611c8ad3d9ac,,a2f9c6162ab8142d,,,aaa2c124cf12d6cc,,wtsk,462c9c80ffabaa0a,
10053,0,18,c8741ce15ceac2a4,1,14:34:04,102,7.0.9,49dd36968dbfadda,OPPO A59S,ea1b84bf65145e4a,6951a6a0af6ff486,,ff0c4c8597e923b8,,,a8a2855b324ef1c2,6a98d881bca8a426,wkzu,e2e933b72177b6f3,
10054,0,9,d25caee90b27fa9b,1,9:50:03,102,7.0.5,d2cf44cec09806cc,,4a7dc7f2d5fb3732,6bdb3b7a2bda746a,,9defe48c4488bc28,,,e995499b8da03e71,,wkx8,840445ad2740a8fc,
10055,0,26,c8741ce15ceac2a4,1,20:32:36,102,7.0.9,49dd36968dbfadda,OPPO R11,fd9a8e3968e7bbd6,7c0873ecf896c82d,,5d95a45853b44fff,,,a8dc52f65085212e,,wj2b,1c875150006272a4,
10056,0,1,79f8b86938180c3c,,10:50:52,200,,,,,,,,,,,,,,
10057,0,10,d21cae2b73884a8d,1,18:25:41,200,,,,,,,,db10515808bda2d7,,,,,,a5b69f123fd7d41f
10058,1,15,d25caee90b27fa9b,1,13:48:31,102,7.0.2,49dd36968dbfadda,,597efe316379f67f,c5d4ecafd61df2fa,,7f7bba48b271cbf1,,,b74f480025261714,,wm57,c4011fdeaab4c476,
10059,0,4,c8741ce15ceac2a4,1,15:46:06,102,7.0.5,0d4e77d48255a0a2,GN8003,36d5a04fd92c8d52,daa449f972bf8062,,a35c46c52224a3ab,,,6654f8e42452faf8,2402e2cc319365f8,wm48,4a5ede65a4e24128,
10060,0,1,c8741ce15ceac2a4,1,14:55:52,102,7.0.5,09baf2f39bc3dc86,VKY-AL00,98f4178594cc6203,5c1063f1bbdcc225,,74ef39c3fb348e7a,,,a8dc52f65085212e,b697090c2b7de4c0,wtgz,1517155813bc60d7,
10061,0,6,072eee5c88d380df,0,1:06:13,102,7.0.5,49dd36968dbfadda,OPPO R9S,41ebe8099831469f,d69f0e4bd19317ec,d03a6877010720ba,2d24ae9fff0cccc3,,,,,wwt9,ab27f0f067e98865,
10062,1,30,d25caee90b27fa9b,1,7:46:33,102,4.1.7,09baf2f39bc3dc86,,b9fc7c83d49f14dc,ba270e47f72bf8a1,,329ad082dc996703,,,a1531f57c547c2b6,,,d212bf8069071714,
10063,0,10,cd75f033b0488ace,1,17:28:46,200,,,,,,,,5e50dc8a42dffd05,,,,,,f7216dea64c4a2cf
10064,1,30,963bd8a75ff9ab37,1,12:23:21,102,6.5.0,630a1adff2a87007,HM NOTE 1S,0540eea9c8e4e275,,e150561cf3b33467,9c69ac83b01f5813,,,,,wdpw,335068814731a95d,
10065,0,9,6b2aa6745680f08a,1,8:37:55,200,,,,,,,,06f0d2171a0d578d,,,,,,321fc97efc7e93a7
10066,0,27,c8741ce15ceac2a4,1,17:06:29,102,7.0.9,d2cf44cec09806cc,VIVO X21,dd92bed5f185701c,90dd8486bf479920,,08e6dcd02b6a59ee,,,a8dc52f65085212e,,ws06,c404d54644628c95,
10067,0,10,d21cae2b73884a8d,1,10:49:36,200,,,,,,,,69af95ba66e70ddd,,,,,,964f049e78050ad0
10068,0,2,c8741ce15ceac2a4,1,1:41:47,102,7.0.5,09baf2f39bc3dc86,KNT-AL10,df3a856f70c6f0f8,410e6b92dd1d3ae8,,21f2c76cfd9cf3cd,,,a8dc52f65085212e,d0916158d0d97c56,ws0q,e298fec68d2e85a9,
10069,0,27,79f8b86938180c3c,,16:29:29,200,,,,,,,,,,,,,,
10070,0,23,c8741ce15ceac2a4,1,9:06:03,102,7.0.9,09baf2f39bc3dc86,DIG-AL00,a4fb5d9da21710b3,8a08140e76b723f6,,8f8717ee574257d5,,,dd1b0f3d55b30b1d,a59c9e3faea154f9,wkjj,ed86e686bac94f4c,
10071,0,26,d25caee90b27fa9b,0,19:15:08,102,7.0.9,09baf2f39bc3dc86,,8dc73339409dc45e,3475279f96972e4f,,a82637b36f1fce77,,,a8dc52f65085212e,,wm3s,75d78c049697fcbc,
10072,0,22,c8741ce15ceac2a4,1,16:02:57,102,7.0.2,49dd36968dbfadda,OPPO A59S,67f04f69570ac997,0a89911e2536a333,,0a549fb771db3141,,,8c26f28b880a631c,,wxze,54d3629364a6f984,
10073,0,13,c8741ce15ceac2a4,1,23:44:34,102,7.0.5,09baf2f39bc3dc86,HUAWEI NXT-CL00,e8eb1ba535f9f6a9,efedfac19ab14baa,,01ebcdced94a608e,,,a8dc52f65085212e,9949e3ab065455b4,wtjj,1b9177fb025c0ec6,
10074,0,16,ac63e881c4e19402,1,17:47:57,102,7.0.9,2c0f832d5d75448c,1503-A01,ba495660da8de510,13f019577430da44,5e1224fc87ebe3a2,d3b5814c5a2e00ae,,,,,,15cee5ea12dfe1bf,
10075,0,25,d25caee90b27fa9b,1,18:57:10,103,7.0.7,aca4977fbe8741e1,,,,,17e18cd1cddec732,,a2ae68874761cf91,,,,b40238432768d69d,
10076,1,8,d25caee90b27fa9b,1,9:14:33,102,7.0.5,49dd36968dbfadda,,bd5df126a4616770,19df71e16d300c47,,a836ab10dc23f75f,,,a8dc52f65085212e,,wqtm,d6b5299076995361,
10077,0,27,acfaded7e04e7ba0,1,10:28:18,102,7.0.0,8399be6b80847240,,1e66bda2792c709c,e9851be0a9a4ae2b,,0fe293bea342665a,,,fdfc26a2543fcd33,,,f5009e2c6c13c80c,
10078,0,28,c8741ce15ceac2a4,1,12:40:03,102,7.0.9,dcc26c88f36170cc,SM-G955F,c50faf7eba139d67,483ddc3a31666b8f,,211d0e54f3da2e8d,,,b910ea1cd2e10a1d,6ec718bbccbaedd2,wk5x,d7833f8214e8019f,
10079,0,23,c8741ce15ceac2a4,1,20:18:16,103,7.0.7,e4863d18f6943c35,IPHONE 6S,,,,313dede4d4eb3b29,,671ca7d66cac20f8,,,,16f6ee241c91f5b2,
10080,0,27,c8741ce15ceac2a4,1,7:15:28,102,7.0.9,09baf2f39bc3dc86,TRT-AL00A,45bce3e0f3d131e8,a5a8089a4e478082,,48b785115ff5c563,,,a8dc52f65085212e,9d1a691ebae56ffa,,f2a9e8e208c1acc9,
10081,0,30,c8741ce15ceac2a4,1,8:35:58,102,7.0.9,49dd36968dbfadda,OPPO A77,fb9a1a9bc5de8f5f,3bf544b36c94f65d,,0c800bfd4bf4c4d3,,,a8dc52f65085212e,,wtcg,195819ec416ad3a8,
10082,0,19,6440f87037199039,1,9:08:24,102,7.0.9,d2cf44cec09806cc,VIVO Y66I A,a3e71a3f32aa7927,ac92135c8ba95627,80ef4a0828dafc09,f137321256b393b8,,,,,wm6d,a5ac42409c5f504a,
10083,0,8,c8741ce15ceac2a4,1,9:34:49,102,7.0.5,09baf2f39bc3dc86,BND-AL00,ec44bb335d4dc550,7a3c7ebdd114d271,,f4876a0064ab01f6,,,a8dc52f65085212e,8827b557b2817d9f,,9eeba78fed69e914,
10084,0,5,c8741ce15ceac2a4,1,14:41:22,102,7.0.5,09baf2f39bc3dc86,KNT-AL20,7e5b31f2a15de9ac,575882691fbccb29,,928fe6210bed2a60,,,a8dc52f65085212e,9bb52514796a1170,ws43,29d0c9fcde4b97b0,
10085,0,12,79f8b86938180c3c,,18:49:03,200,,,,,,,,,,,,,,
10086,0,6,c8741ce15ceac2a4,1,8:26:02,102,7.0.2,630a1adff2a87007,REDMI 4A,3e49289f64beda3a,35d33eaccd90af3c,,fa5f661195b0a1b9,,,3b6cbb71b03501cd,2f30910548d7d09e,wtsj,bfa0a8a60f13dd1e,
10087,0,5,c8741ce15ceac2a4,1,9:50:47,102,7.0.5,630a1adff2a87007,MI NOTE 3,fa44e0a56acc1a2c,6811ac7792cae1c6,,153c5aa2d30dfa54,,,a8dc52f65085212e,3d8bab05ec83ecf6,ws4s,17eebb70081c7c4b,
10088,0,21,c8741ce15ceac2a4,1,11:38:11,102,7.0.5,09baf2f39bc3dc86,PE-CL00,8126ca06e30a4c8e,fa5ab7c5fd8cf13e,,96a8beae88009ed1,,,5a1aa66ac7a0a68a,,wwsr,f0f90a93afcd5ca9,
10089,0,11,c8741ce15ceac2a4,1,14:58:27,102,7.0.5,0d4e77d48255a0a2,GN8003,6835d701ad883f9f,5244e5fee3225a3d,,2f201b1052495d35,,,3f5e9074c49ca7d5,,y8v0,7ae99cc01bcc177e,
10090,0,21,d25caee90b27fa9b,1,11:34:17,102,7.0.9,09baf2f39bc3dc86,,a2e207f53d9096c6,4f40cfbbb34e7839,,a0269edfa8ddda69,,,a8dc52f65085212e,,ww51,1dd7d42f1ae423bc,
10091,0,3,c8741ce15ceac2a4,1,19:25:25,102,7.0.5,a92470e4f878a3f4,M578CA,7e1bc335a7015d11,b9a377eca728f91a,,0bdf97d12c9c6202,,,0ff086609356a44c,cc94c02431addcfc,wsb0,862c0e0fc269f779,
10092,0,6,c8741ce15ceac2a4,1,20:55:01,102,7.0.5,49dd36968dbfadda,OPPO R9S,cdae4fbd20f6a032,71dbbd057f742224,,783455bc02e42995,,,a0ef20a4ce2d4e6b,,w7q1,a0165990e2cc9398,
10093,0,9,c8741ce15ceac2a4,1,14:50:26,102,7.0.5,630a1adff2a87007,MI 6,9ccc1e4875735769,704717f9775bc6a9,,c87b51ee18f50204,,,a8dc52f65085212e,,wtm1,963dbd2b48621baf,
10094,0,22,c8741ce15ceac2a4,1,21:16:01,103,7.0.7,aca4977fbe8741e1,IPHONE 5S,,,,567159f5cd9b40f6,,52e2bf6370425527,,,,19961041bfb15da3,
10095,0,11,4c3d45ed38eefb7a,1,12:00:01,103,7.0.5,aca4977fbe8741e1,IPHONE 5S,,,,b56513d04489a146,,10b82a243974f7db,,,,5ec2ddaaa2c6a044,
10096,0,9,d25caee90b27fa9b,1,10:33:39,103,7.0.5,f25fd8d0382621e8,,,,,105f48038d20e2d6,,897229ac45696b79,,,,4b99064b63840dfa,
10097,1,27,20a91b45ef8f8221,1,21:15:46,200,,,,,,,,93d7cab141d02101,,,,,,0cf49ee4c102f268
10098,0,17,c8741ce15ceac2a4,1,23:21:44,102,7.0.9,09baf2f39bc3dc86,BND-AL10,20e9669495109a63,da713bd9f89628f8,,5114bee0567f5a1b,,,a8dc52f65085212e,c77209ede3dd7cf4,wwc2,766dd8badb22a281,
10099,0,12,acfaded7e04e7ba0,1,18:45:55,102,7.0.0,8399be6b80847240,,a24775ad20fa8025,143c61c8e36ef322,,0fe293bea342665a,,,e3c0635511e28de1,,,f5009e2c6c13c80c,
10100,0,26,20a91b45ef8f8221,1,8:07:18,200,,,,,,,,485946e135f1de99,,,,,,1f4608a27610de53
10101,0,6,c8741ce15ceac2a4,1,21:16:15,102,7.0.5,d2cf44cec09806cc,VIVO Y67A,c0337aa913869eef,1a0c843c47eee2f1,,9fc5076455acee8e,,,ba8d3135bafbc24c,a418e4ab50b13919,wtq3,b4b49824d19a156d,
10102,1,28,a96a05783c922913,1,15:39:52,102,7.0.9,d2cf44cec09806cc,VIVO X20A,0e0f3ea58c3cd8fd,eea59ac36056b89c,f497918d2c931057,51b00ae18e5bbeef,,,,,wwc2,ddbec1e828409fb5,
10103,0,21,072eee5c88d380df,1,15:00:21,103,7.0.7,0d30044e44e4c4ba,IPHONE 6S PLUS,,,,d97a1b6cfe01ea94,,d6531ac1e9879dc6,,,yb31,3c3d32488e4d4102,
10104,0,16,3b02bcd4b685d7a8,1,7:08:09,200,,,,,,,,59ab4a671be656b7,,,,,,fa9d9849fe937262
10105,1,25,79f8b86938180c3c,,22:08:12,200,,,,,,,,,,,,,,
10106,0,27,d25caee90b27fa9b,1,13:24:52,102,4.1.7,09baf2f39bc3dc86,,ef4a05a83bbbc905,ece6ef7b4f6167fc,,99533c7d37963762,,,b7810d286e2cec00,,,72309d88abb9b916,
10107,0,16,c8741ce15ceac2a4,1,13:54:25,102,7.0.9,09baf2f39bc3dc86,PE-CL00,818582e1d72c76e5,23416e2d7797de5d,,5e3820a325cdd1e7,,,d6aae74245784f47,1f6c571769744027,ws4t,2b55c2160a7a1e23,
10108,0,26,c8741ce15ceac2a4,1,19:36:24,103,7.0.7,98994e108cde96a0,IPHONE 7 PLUS,,,,5c069e12e6a29a64,,571eb8fb2ed96361,,,,a9981336c7b6a88f,
10109,0,29,c8741ce15ceac2a4,1,23:49:31,103,7.0.7,aca4977fbe8741e1,IPHONE 5C,,,,7c739719212d3a95,,d2e77b29cf689be1,,,,dac4c279eb0eb081,
10110,0,26,e1d2fad8ffdc66b3,,22:11:25,200,,,,,,,,,,,,,,
10111,0,10,d25caee90b27fa9b,1,11:17:28,101,,,,,,,,,,,,,,
10112,0,3,c8741ce15ceac2a4,1,12:56:09,102,7.0.5,630a1adff2a87007,MI 5,e45cb39071eadf99,917a539fb79dc02d,,b289d9bb2c92857f,,,a8dc52f65085212e,f21b8e645a9d4a3c,wtw3,47db851ee6ecdd3d,
10113,0,1,c8741ce15ceac2a4,1,11:34:46,102,7.0.5,09baf2f39bc3dc86,COL-AL10,83b4d1da2215cbc8,20e7838681111136,,67e90b7fcc36b85e,,,a8dc52f65085212e,,wxs8,a8bf1c1f91cb44ea,
10114,0,1,acfaded7e04e7ba0,0,14:51:08,102,7.0.5,8075c9aa97d7f279,COOLPAD 8017,1453adc956edb6fb,e59ac2eb56651373,,d70ddb8b8ca14d8c,,,3bdb5b1f6fb8c87a,126a6d41133a5433,,91de99ca2fb33d64,
10115,0,24,072eee5c88d380df,1,9:24:40,102,7.0.9,a92470e4f878a3f4,M3S,6de245248c400a3e,52ce6532abe5886b,1b13a9f200720efb,492e1b0223993035,,,,,,d6d8f8127169560b,
10116,0,7,c8741ce15ceac2a4,1,18:04:02,102,7.0.5,630a1adff2a87007,REDMI NOTE 4X,ec3c05f79069dbd4,67b9922aa4a15375,,6c9756f319dec9aa,,,a8dc52f65085212e,,wtsq,3586debb779fdfb1,
10117,0,7,cca82161b59127c1,1,17:45:59,200,,,,,,,,20580fcc3580a8ee,,,,,,d7ba514b4ad333c4
10118,0,17,c8741ce15ceac2a4,1,10:36:33,102,7.0.9,09baf2f39bc3dc86,FRD-AL10,8e94ec371d9207b9,5567d47d4c52c0c7,,5b5d8a0e45984966,,,a8dc52f65085212e,,wtsk,59fc0dcd344f6f10,
10119,0,16,b501fa4fc58206b9,1,10:37:18,102,7.0.9,09baf2f39bc3dc86,VTR-AL00,3bea441c412e6840,18e5c70fddff59b8,a8dc52f65085212e,060f5521fcae8bb4,,,,,wmd6,e02cf84e6054d302,
10120,0,18,d25caee90b27fa9b,1,0:18:58,102,7.0.2,f30c6e7b308b6fa1,,e9d3fc9baaf67110,09dab01c0d56b14f,,bf8afcd56607d090,,,f1c4d6e52dd695ae,,ws1y,602d9c7ceb5fe8fe,
10121,0,27,79f8b86938180c3c,,15:56:44,200,,,,,,,,,,,,,,
10122,0,23,b501fa4fc58206b9,1,11:58:25,103,7.0.7,78bac058e6b8fb52,IPHONE 7 PLUS,,,,e292e02757dcbe63,,ba6631cf90d20185,,,wsem,5075e1a80e285a09,
10123,1,13,79f8b86938180c3c,,10:57:53,200,,,,,,,,,,,,,,
10124,0,22,c8741ce15ceac2a4,1,10:29:23,102,7.0.9,2b3c54bf5287057a,ONEPLUS A3010,d542be27a554fdb4,43020b55d55e9a67,,beb30984cffcb8f1,,,60950b8fc4ac5bf6,,wsvq,b9beb368c1a473b3,
10125,0,7,c8741ce15ceac2a4,1,17:13:57,102,7.0.5,49dd36968dbfadda,OPPO A59S,ea1b84bf65145e4a,938923aa29093aa4,,a09e1c313746a303,,,a8a2855b324ef1c2,6a98d881bca8a426,wkzu,5d2b15e9191da533,
10126,0,29,c8741ce15ceac2a4,1,15:26:13,102,7.0.9,49dd36968dbfadda,R7005,e18449f81154df2d,,,eb04efcbdb0f5e8b,,,cc7ecb855f93c75c,47d8e5a69dca870e,wkv9,07735747d50f4995,
10127,0,27,acfaded7e04e7ba0,1,18:19:12,102,7.0.0,8399be6b80847240,,607c2ea55e49b569,34e306858af373fe,,0fe293bea342665a,,,e1939a3b3e800dab,,,f5009e2c6c13c80c,
10128,0,26,d25caee90b27fa9b,1,14:12:17,102,4.1.7,09baf2f39bc3dc86,,f0a4807c748ec1b6,7fb791787e2b6757,,99533c7d37963762,,,933b1bfadb592f27,,,72309d88abb9b916,
10129,0,15,79f8b86938180c3c,,16:24:33,200,,,,,,,,,,,,,,
10130,0,11,c8741ce15ceac2a4,1,11:48:51,102,7.0.5,a92470e4f878a3f4,M5 NOTE,22f40b98fbbd6d86,5e5d15b8f99cd58f,,cafd9e91f1f52dcb,,,a8dc52f65085212e,67701af6eac5fb4f,wkjg,62d59ffea675ce4b,
10131,0,24,c8741ce15ceac2a4,1,22:19:49,102,7.0.5,630a1adff2a87007,REDMI 5 PLUS,83a15e90034c9f98,a91bf27beb4a1d78,,69943102ead13cb6,,,e527d9db1cae34c7,ae1fe2c41c3aa1e7,wmdb,a8bf0ba6fc925b9a,
10132,0,10,c8741ce15ceac2a4,1,18:27:05,102,7.0.2,630a1adff2a87007,MI 5X,4e98ea3a74c94276,21a06f6c53f375da,,a856b9fc0c62c3d3,,,3947516d53969bd9,,wmd7,6838768730db4472,
10133,0,2,6b2aa6745680f08a,1,9:21:28,200,,,,,,,,689b94f56650049f,,,,,,41ca22fe48876229
10134,0,25,d25caee90b27fa9b,1,19:27:37,102,7.0.9,630a1adff2a87007,,d25b550aa7fa2322,43e60bc59bf689ac,,64ea62c88b8df36a,,,2e58ce03b1634340,,wwcu,1500ca925c709990,
10135,0,20,20a91b45ef8f8221,1,7:39:12,200,,,,,,,,233a25ab7e3b3fb1,,,,,,96887a1ec1222393
10136,0,27,c8741ce15ceac2a4,1,8:51:27,102,7.0.9,09baf2f39bc3dc86,SCL-CL00,3ae90fef125c8d40,cb818f3867b6abe7,,e5a62956a74d3a9e,,,8acfa2e099450768,,ww92,3bf1fc0786ea708e,
10137,0,23,c8741ce15ceac2a4,1,9:26:10,103,7.0.7,3a87947fdfb8d503,IPHONE 6,,,,b84581474c0c4c9e,,f389bb0240f77850,,c82b2cc803036632,,38197b765ccfa88c,
10138,0,26,c8741ce15ceac2a4,1,21:04:16,102,7.0.9,49dd36968dbfadda,PADM00,e0689b75dae9f722,27c4bbd831842a98,,885cdd82c0cc72f6,,,a8dc52f65085212e,432a73e53d02792a,wmr7,d130484c0b5f947a,
10139,0,28,c8741ce15ceac2a4,1,19:24:38,102,7.0.9,09baf2f39bc3dc86,CHE1-CL10,6720450ca4bc4657,5e3c0b1ae9f0e42c,,28634657b6625b96,,,,,wms9,5a5e2b98f8d56818,
10140,0,1,6b2aa6745680f08a,1,19:20:23,200,,,,,,,,58625f40e3c469f3,,,,,,40f808129a9ca0b0
10141,0,26,c8741ce15ceac2a4,1,21:29:34,102,7.0.9,a92470e4f878a3f4,PRO 6 PLUS,87398048e8f3abe3,d5022691195df4f4,,2a45917fa6fb19e8,,,c17ccbf2f5e01722,72daa3212fec7aef,wx4d,a0d1683b3cb86edc,
10142,0,17,bf79b3647c0878eb,1,15:48:31,102,7.0.9,d2cf44cec09806cc,VIVO X7,8a1ad86bcb26c88c,549f5fb79ed6e03d,cf69b6b977b78047,c101adeaeff96244,,,,,ws2p,b58063d5d54d8465,
10143,0,29,c8741ce15ceac2a4,1,8:50:06,102,7.0.9,49dd36968dbfadda,OPPO A37M,87ce5b0029757261,67bd293d9f2edbb0,,78cde75c288ce647,,,22a974a0e8080400,85f178992e2bf61d,wkjc,a255a8a183217b94,
10144,0,5,c8741ce15ceac2a4,1,17:40:31,102,7.0.5,d2cf44cec09806cc,VIVO Y75A,22b18d77866ddb72,215ff6c3f3127ddc,,7485bf420596d538,,,bf27c1ad1d863018,,wm5h,0a850328fa1a6e5d,
10145,0,28,79f8b86938180c3c,,22:19:21,200,,,,,,,,,,,,,,
10146,0,20,3b02bcd4b685d7a8,1,3:05:07,200,,,,,,,,2778647c3d57dcdb,,,,,,16c25eaaa81d0446
10147,0,30,3b02bcd4b685d7a8,1,18:05:00,200,,,,,,,,55e7e9f09a7e7764,,,,,,230b22322af1a17b
10148,0,16,20a91b45ef8f8221,1,7:28:30,200,,,,,,,,f214324acaa781f7,,,,,,2abcbafdfeb1cccc
10149,0,3,c8741ce15ceac2a4,1,2:26:40,102,7.0.5,d2cf44cec09806cc,VIVO X9S,6a03c2bbf5461a5b,9d514bd4cd7d6c38,,995ac1918693b87c,,,d2168e28eeb594f0,a1cd908722a6d492,,ac71ec3e10a583f5,
10150,0,10,c8741ce15ceac2a4,1,8:24:23,102,7.0.5,09baf2f39bc3dc86,HUAWEI TIT-AL00,c6464dfd9d9eedeb,462b0e7d3d942f63,,e47b1f25037b4d06,,,738cfa7026f7d5af,,wkqj,9bab34b71569c27b,
10151,0,25,c8741ce15ceac2a4,1,18:33:15,102,7.0.9,09baf2f39bc3dc86,MHA-AL00,ef2a5026f31ed849,adf62ecef4c14301,,554816733cf82b9a,,,a8dc52f65085212e,70db88d8badad69a,,db09af42de19bdbf,
10152,0,5,c8741ce15ceac2a4,1,23:54:27,102,7.0.5,630a1adff2a87007,REDMI 3X,3799db77be0d8c3a,1850ad605adf1b95,,ea77cc517296a1fc,,,f217aafff416cc98,b67920d47cd6a242,wmd7,7c7f351105a8f4fb,
10153,0,10,c8741ce15ceac2a4,1,11:44:33,102,7.0.5,abc01ae41fae3e80,HISENSE M20-T,b1d8b4bd8d7b44c7,09b753280577fc6a,,68cbf604cffcdd22,,,8e0185ed2297342a,e5fb19faa292a982,wmr8,d319bf88159a73f1,
10154,0,17,acfaded7e04e7ba0,1,10:08:40,102,7.0.5,dcc26c88f36170cc,SM-C9000,742e5ff7e0648fab,e45888fe3c21313e,,a3cf95d69cfdda0a,,,65a2b1d473c17013,382b55fe3c0f7a1f,wtw6,041bb8bce90fa5f5,
10155,0,1,c8741ce15ceac2a4,1,16:22:02,103,7.0.5,aca4977fbe8741e1,IPHONE 5S,,,,89e469a4d407f1e2,,cf52210c0c26b19f,,,,cfceff8cca4d501b,
10156,0,27,c8741ce15ceac2a4,1,6:54:59,102,7.0.9,630a1adff2a87007,REDMI 5 PLUS,b545fc1d3510a478,277a653f10a2503c,,4390aa66ed0ba14e,,,a8dc52f65085212e,,wxh1,6d8ccd047fbcc088,
10157,0,23,c8741ce15ceac2a4,1,6:28:06,102,7.0.9,d2cf44cec09806cc,VIVO X21I A,b7ce9953279d4088,51f39d4efe36ae43,,cfb5f76df18f0b1a,,,a8dc52f65085212e,,wxvv,8d71e8380725a2be,
10158,0,8,c8741ce15ceac2a4,1,12:06:04,102,7.0.2,11d2937f9a3a5fcf,Q988,849ad0d87c3dac27,af735528430fc9fc,,a006af6db13c9746,,,7c4de8704312edd2,85d3fd0a540fd3dd,wqnr,0703ef9bd54d1fb0,
10159,0,23,c8741ce15ceac2a4,1,9:07:29,102,7.0.9,d2cf44cec09806cc,VIVO X9S PLUS,a36d00e404e2cdd6,0e00ab5b4e431530,,70b0371e51a75b47,,,43cee783ded26ae2,c4cf0cc91866b334,wrnn,ddfae5081a013626,
10160,0,22,c8741ce15ceac2a4,0,17:33:06,102,7.0.5,09baf2f39bc3dc86,EVA-AL00,c8c975f6d9c5c4c1,0610241f62765ea8,,89e4522a86706049,,,a8dc52f65085212e,36e9c99386cb3777,wtj3,859b70d9460fcd8c,
10161,0,1,c8741ce15ceac2a4,1,16:28:08,103,7.0.5,aca4977fbe8741e1,IPHONE 5,,,,c2cc5b17f4f089e6,,0c7bcff07e652883,,,,d7b4e373de1fcf4f,
10162,0,29,79f8b86938180c3c,,22:11:19,200,,,,,,,,,,,,,,
10163,0,18,c8741ce15ceac2a4,1,14:40:31,102,7.0.9,09baf2f39bc3dc86,STF-AL10,733c4b708642bd7c,55f48677c603d70d,,80dcabdc2108b1ca,,,a8dc52f65085212e,13bd0c749a1fae55,wt7n,d977aea061fccb2d,
10164,0,13,79f8b86938180c3c,,10:16:45,200,,,,,,,,,,,,,,
10165,1,8,c8741ce15ceac2a4,1,9:53:58,102,7.0.5,09baf2f39bc3dc86,FRD-AL10,30f03d25708b8f38,cbd0ef81cf0fcfc4,,9c9d49eddb6a59c3,,,a8dc52f65085212e,7801ef0c16805ba8,ws7w,77aa94e2b65e0d4e,
10166,0,30,c8741ce15ceac2a4,1,13:23:13,102,7.0.2,630a1adff2a87007,MI 1S,2655f3e7ee339f5a,,,76b31e6719e73025,,,392755bbc60cb616,3f27c92ab6f6e6af,ws80,7ede31b21fb579fc,
10167,0,12,c8741ce15ceac2a4,1,9:47:06,102,7.0.2,09baf2f39bc3dc86,HUAWEI NXT-TL00,3b60055fcfddc32c,f0c79437d728ec62,,03b87004efdddd18,,,99ef28f1c397a007,,wmd7,21c448b4e1a96a8e,
10168,0,15,d25caee90b27fa9b,0,2:32:03,200,,,,,,,,,,,,,,
10169,0,12,c8741ce15ceac2a4,1,16:23:25,102,7.0.5,09baf2f39bc3dc86,HUAWEI CAZ-AL10,63658268f3f11e90,a7b54ba991458480,,f6b131333ea2c25d,,,a8dc52f65085212e,,wtg1,f268f91764325344,
10170,0,8,cd75f033b0488ace,1,10:17:21,200,,,,,,,,99f833b6af5a5d2b,,,,,,42cc282caa2eaf31
10171,0,1,c8741ce15ceac2a4,1,13:27:42,102,7.0.5,630a1adff2a87007,MI NOTE 3,6514fc00615dab1f,a98ae14d0f3bc009,,89d449ac7e59476f,,,a8dc52f65085212e,65f11ac71985d65d,wwh3,d79a27eba2f61296,
10172,0,18,00094ae2a1d62504,1,20:18:17,200,,,,,,,,3ed3ee6fc188622d,,,,,,3cc75f40e5526dad
10173,1,26,d25caee90b27fa9b,1,12:12:22,102,4.1.7,09baf2f39bc3dc86,,70bab0630eed6acb,89a2b84215256de1,,99533c7d37963762,,,0dfc8870b3d8a556,,,72309d88abb9b916,
10174,0,10,963bd8a75ff9ab37,1,20:14:42,102,7.0.5,49dd36968dbfadda,OPPO A73,e63c75596797e63d,7c9a4dcd739e8efd,a8dc52f65085212e,851d1f629fe8ea49,,,,,wkzf,5ceddf69cb0b2886,
10175,0,30,c8741ce15ceac2a4,1,11:07:19,102,7.0.9,49dd36968dbfadda,OPPO R9M,4f1518a18acd9085,4b21154041dbf34c,,13d29481c238d8b0,,,74d925b2a727de6d,6dcd60ea2ae8bf56,wqgd,28e16797fbd36d4e,
10176,0,29,79f8b86938180c3c,,21:53:46,200,,,,,,,,,,,,,,
10177,0,22,072eee5c88d380df,1,10:33:48,102,7.0.9,09baf2f39bc3dc86,ALP-AL00,04a0a9dca84166ff,b9e5110225c5607a,a8dc52f65085212e,febf705a2bbd2efb,,,,,wtsw,b5d589189b089154,
10178,0,26,79f8b86938180c3c,,14:18:35,200,,,,,,,,,,,,,,
10179,0,14,c8741ce15ceac2a4,1,14:27:46,102,7.0.9,d2cf44cec09806cc,VIVO X9,0318320d787c57a8,e40b2da1477ef4b9,,b50949616697a99a,,,1a408fd4736cdaaf,bc73c1e6046e12bd,,b04b9488ecf05efd,
10180,0,22,c8741ce15ceac2a4,1,15:52:58,102,7.0.9,49dd36968dbfadda,OPPO A73,5759636fd33933f6,c3baa660c5036b7e,,70d430590597c421,,,a8dc52f65085212e,7fe58b678293e2c8,w7yz,550b8eb70b1e2f0d,
10181,0,7,c8741ce15ceac2a4,1,19:00:59,103,7.0.5,cae7ad368508a4c5,IPHONE 6,,,,9177de9ebf82ff74,,5903766d85c0c0b4,,22570c9e451c8502,,981277d4fa58ba0d,
10182,0,11,c8741ce15ceac2a4,1,11:43:05,103,7.0.0,3f39a579d7663a08,IPHONE 7,,,,7b4b918f4a8df6fd,,01dd7e9939b85f06,,,,2e32c70b1b6f5309,
10183,0,30,d25caee90b27fa9b,1,18:04:35,102,7.0.9,630a1adff2a87007,,a25f8b97037206b9,8af9403cc077bbbf,,163dc5a62e4e093e,,,a8dc52f65085212e,,wtjh,d6d6072dd02b4e99,
10184,0,8,79f8b86938180c3c,,13:20:55,200,,,,,,,,,,,,,,
10185,1,18,c8741ce15ceac2a4,1,0:14:54,102,7.0.2,630a1adff2a87007,REDMI NOTE 3,c869e2eba5c03b2e,f08291274e71b222,,43a978b6cc181f1e,,,7988d6eb0e3ff845,,,c18523ea411f66b9,
10186,0,14,c8741ce15ceac2a4,1,9:29:44,102,7.0.9,49dd36968dbfadda,OPPO R7SM,0b18328e7c217579,386bd8423d1648be,,98e658dd1a543ac4,,,c4ae86698e0c461d,,w7w6,53cd7fddc7a79f8e,
10187,0,16,c8741ce15ceac2a4,1,21:24:24,102,7.0.9,49dd36968dbfadda,OPPO R11S,35886f1218bd3dd4,a622ef2f4ec8d91b,,5d7e13d108e46829,,,a8dc52f65085212e,,wsu9,5adac93dcdb909cb,
10188,0,16,79f8b86938180c3c,,7:35:57,200,,,,,,,,,,,,,,
10189,0,17,072eee5c88d380df,1,13:31:16,103,7.0.7,476fb7ef04030b94,IPHONE 6 PLUS,,,,165d5c2ec2257ec6,,bf76d66151245f2d,,,wx4f,024cd43eaf33937b,
10190,0,20,c8741ce15ceac2a4,1,5:25:42,102,7.0.9,09baf2f39bc3dc86,HUAWEI RIO-AL00,18abdffe63c2e24e,9b4ba0c0bba9b8c9,,d3c91d61b41dc795,,,00d2a4bb495be50f,0779665665268a0d,wmr8,bae6b565d77ffd42,
10191,0,27,c8741ce15ceac2a4,1,15:17:28,102,7.0.9,09baf2f39bc3dc86,KIW-AL10,1b8cf778c4f6ef41,ec3dc5dca6da30d1,,133762dca3b273bf,,,227c85b43bd39b54,1855ea048020a010,ww7h,4db137820ca4cffa,
10192,1,8,c8741ce15ceac2a4,1,18:18:33,102,7.0.5,d2cf44cec09806cc,VIVO X21A,0d1058bf15d848c9,2aa75af78cc134f5,,445ba43d4a060dd0,,,a8dc52f65085212e,03b91e5c88153297,wsv4,dfe3f0b55a8b155a,
10193,0,19,c8741ce15ceac2a4,1,9:05:37,102,7.0.9,d2cf44cec09806cc,VIVO Y55A,67aca04e9e99310a,28347cefbca1e91c,,f9302dac2a1f324d,,,eee67a1c38827680,468a518b90499f26,wqmb,aceb675c1143c161,
10194,0,3,c8741ce15ceac2a4,1,21:44:40,102,7.0.5,49dd36968dbfadda,OPPO A73,62b96fbaa2f5c867,de71ea78f94204b9,,479c22ea61e947e4,,,a8dc52f65085212e,,wkx9,591394f3a2e3d34f,
10195,0,8,c8741ce15ceac2a4,1,20:17:33,102,7.0.5,a92470e4f878a3f4,M6 NOTE,2bd7dd548de5c1eb,a3f306f70f99d3c5,,5d3fc01ab6ecfabf,,,a8dc52f65085212e,131e8d30bd835c53,ws90,67ab3787dd1b4a5b,
10196,0,24,c8741ce15ceac2a4,1,12:37:24,102,7.0.9,8f970961c66d9ec6,ZTE BA603,46dda2f865398a77,90839af6baadbde6,,0fdf0cd8dc36842c,,,6d2630f4c4236269,70418a635e4f8b4b,ws2p,c826e8cc09dc004d,
10197,0,1,c8741ce15ceac2a4,1,10:55:58,102,7.0.5,49dd36968dbfadda,OPPO A59S,87152c8753fe2af9,505f8944ca59abfe,,2fbf7d23e59e7097,,,9225b5d1be482f67,c46a9fb2bb3b5f3a,wm4s,e9b94e2c5a2f25c8,
10198,0,15,00094ae2a1d62504,1,23:00:49,200,,,,,,,,73c1ed042ffca314,,,,,,d9bce586625d952c
10199,0,30,acfaded7e04e7ba0,1,8:12:16,102,7.0.0,8399be6b80847240,,b15f96245797c969,00e98253fc6bbcde,,0fe293bea342665a,,,e00bc40cd859cb67,,,f5009e2c6c13c80c,
10200,0,6,c8741ce15ceac2a4,1,22:45:28,102,7.0.5,d2cf44cec09806cc,VIVO X9,71f1f45fd4024f42,20a2c4387d97c22c,,921e77f432ca1b38,,,7ace996062ad80da,,tzz6,5aab6643a3265eea,
10201,1,17,072eee5c88d380df,1,22:23:08,102,7.0.5,dcc26c88f36170cc,SM-A5100,87868a6c27c4148c,e6c8e9b7f9908d53,76dfb5a5440281e7,fc1a971ec551f448,,,,,wm4x,dc7bf88238a773e7,
10202,0,8,6b2aa6745680f08a,1,8:45:48,200,,,,,,,,19b0b953ab4163ef,,,,,,a9a0aefa68b2eb54
10203,0,13,d25caee90b27fa9b,1,21:06:53,102,7.0.5,6bfebf3976ca39cc,,f4f2411755a2f306,,,f007df6b0134bed6,,,41a26fcb971a7b03,,,c45bffdd202f3795,
10204,0,20,c8741ce15ceac2a4,1,21:34:05,102,7.0.5,630a1adff2a87007,MI 5X,d0c285513b785609,a7e79e3c2c85c8c7,,be4d10f33b903b87,,,a8dc52f65085212e,,wm4v,6dff7cf059c04c41,
10205,0,7,d25caee90b27fa9b,1,15:49:22,102,7.0.5,d2cf44cec09806cc,,fbf37ff7f9e805c5,b19232c3beafe770,,2187a48ac5f84314,,,382408131d1f142d,,ws1h,ffc6146972256216,
10206,0,25,79f8b86938180c3c,,22:26:50,200,,,,,,,,,,,,,,
10207,0,13,c8741ce15ceac2a4,1,14:26:33,102,7.0.9,09baf2f39bc3dc86,BND-AL00,336c7a8574dd28f0,cf19de7e35abd3e1,,6f5144263f3940c5,,,a8dc52f65085212e,7ec786ecbd8acdb5,ws4y,a1f26764aaab8c15,
10208,0,18,c8741ce15ceac2a4,1,0:04:13,102,7.0.9,09baf2f39bc3dc86,FRD-AL00,1830c466b777f0f7,4c7f21727f7c539c,,ffb83998480dc6cf,,,a8dc52f65085212e,09fafba7ea46685f,wtek,c6690e5b3d7e136e,
10209,0,15,c8741ce15ceac2a4,1,16:34:51,102,7.0.9,d2cf44cec09806cc,VIVO Y71A,bd7e06f272323561,c56586876850a83a,,388001588b518f19,,,a8dc52f65085212e,1c5e285c9686f624,wkr6,3141ef10fe64695a,
10210,0,17,c8741ce15ceac2a4,1,11:21:00,102,7.0.9,49dd36968dbfadda,OPPO R11S,9742bfff3080cc48,14d2323a8ba34274,,5c95b8f533f431fa,,,a8dc52f65085212e,,whwb,69054860d565771c,
10211,0,22,b501fa4fc58206b9,1,14:52:44,103,7.0.0,aca4977fbe8741e1,"IPHONE9,3",,,,9ec5a6cdfcc01a4d,,d059c94c8b9fbfb9,,,ws07,a4a9ed260dbc1fba,
10212,0,28,79f8b86938180c3c,,16:40:21,200,,,,,,,,,,,,,,
10213,1,12,963bd8a75ff9ab37,1,21:05:59,102,7.0.5,8f970961c66d9ec6,ZTE BA603,b293fdf0e37f6986,,a552a3bc9c95f6c5,5d72d8875012ad66,,,,,wm6s,c225b1fc4ce0cc48,
10214,0,14,c8741ce15ceac2a4,1,7:17:27,102,7.0.2,09baf2f39bc3dc86,H60-L01,0bc9334d3723c071,,,df828d47b8e78868,,,28d7ab0d6cf19580,9e858828d72efe34,ww8p,06a5ec129f95ee24,
10215,0,23,c8741ce15ceac2a4,1,21:49:14,102,7.0.9,d2cf44cec09806cc,VIVO Y31A,884cf43cbbfa932d,84864a16c20f5b88,,d0160ca063fde307,,,0bf92338f0887fd0,cd90cf29ca7ea448,ww9z,8a2772ecc1212a91,
10216,0,5,d25caee90b27fa9b,1,10:48:32,102,7.0.5,a92470e4f878a3f4,,0f47c727941b2b9b,fd05f1d4bbf09497,,a9e8f9a716c11dcb,,,37343cbbc30333e2,,,b75da267d62215e8,
10217,1,25,20a91b45ef8f8221,1,14:49:51,200,,,,,,,,2138022fbdde0941,,,,,,18c718f606279e0f
10218,0,1,c8741ce15ceac2a4,1,20:43:56,103,7.0.5,aca4977fbe8741e1,IPHONE 7,,,,e7aba5c27f1a642a,,38f4bd667ea9903e,,,wt30,6fdce12d1921e1e0,
10219,0,17,d25caee90b27fa9b,1,15:26:49,103,6.6.3,aca4977fbe8741e1,,,,,941574aafe0f1b9b,,0b69dd5b75aadd62,,,,39c43f6fa0154696,
10220,0,11,d25caee90b27fa9b,1,18:45:00,102,7.0.5,49dd36968dbfadda,,2ce1dca3643b9672,e4555df72bd77c03,,102ff52cba113783,,,68d7051abf869a72,,wwe0,3db225359aff09b7,
10221,0,19,c8741ce15ceac2a4,1,12:55:09,102,7.0.2,630a1adff2a87007,MI 6X,7117987e34c7bdec,a8993795cc1a5164,,73d5618365c56b64,,,a8dc52f65085212e,05b0f38d72f05883,wm3y,ecbb39216f80e06d,
10222,0,24,08017d2cb28c2348,1,9:36:05,102,7.0.9,d2cf44cec09806cc,VIVO Y66L,d9ba470b7fd19183,6f9b26877d9831fa,cc571fd2fba94ea8,c84c136d910721de,,,,,,a3ac2177e065a819,
10223,0,12,79f8b86938180c3c,,19:15:10,200,,,,,,,,,,,,,,
10224,0,20,c8741ce15ceac2a4,1,17:48:56,102,7.0.2,630a1adff2a87007,REDMI NOTE 3,14e2edea1db2c997,5c2f11379eddac42,,d6c74391f12a9578,,,6c6d495845e3d702,66f6f98a0d681b46,ws0t,46fe13c1d20a617b,
10225,0,17,d25caee90b27fa9b,1,8:35:53,101,,,,,,,,,,,,,,
10226,1,15,c8741ce15ceac2a4,1,12:03:49,102,7.0.9,49dd36968dbfadda,PACM00,34d4212a859a5393,d4c175f07a746b12,,b7212c8fd68882d3,,,a8dc52f65085212e,,ws2r,6a322c0d4bbb45e0,
10227,0,22,c8741ce15ceac2a4,1,16:11:49,102,7.0.5,49dd36968dbfadda,OPPO R11T,2958de8225a73cb9,8f774b5e7c87eb8f,,93f7076d3b4d19f6,,,a8dc52f65085212e,,wme9,c07a4debefabfe13,
10228,0,27,d25caee90b27fa9b,1,14:31:45,102,4.1.7,09baf2f39bc3dc86,,a616d78a1ea11bb0,5d437186fbf46309,,99533c7d37963762,,,52e0fe5d5a69666d,,,72309d88abb9b916,
10229,0,30,79f8b86938180c3c,,8:10:34,200,,,,,,,,,,,,,,
10230,0,21,c8741ce15ceac2a4,1,7:36:59,102,7.0.9,d2cf44cec09806cc,VIVO X6S A,8da668f31891eabd,5efc49ade860624a,,3e0feeb7f08fbea3,,,74f7e0d006808b2d,64b0112a780f9275,wts0,baeec5310a261f5b,
10231,0,22,d25caee90b27fa9b,1,16:53:46,102,7.0.9,09baf2f39bc3dc86,EVA-AL00,3cdf31a617b316b6,0ba8e507a3815011,8a3c4dd48d1beea6,,,,a8dc52f65085212e,,wkdx,,
10232,0,23,79f8b86938180c3c,,21:26:06,200,,,,,,,,,,,,,,
10233,0,7,c8741ce15ceac2a4,1,15:48:13,102,7.0.5,630a1adff2a87007,MI 6,a25f8b97037206b9,8af9403cc077bbbf,,86c0b5439d70b685,,,a8dc52f65085212e,cfd2fc1ad10395c8,wtjh,4ebb6b1e09cd7414,
10234,0,27,acfaded7e04e7ba0,1,11:11:08,102,7.0.0,8399be6b80847240,,c29e0c4cb4ad64ac,431fd73aaf787179,,0fe293bea342665a,,,6b842fab27c5f529,,,f5009e2c6c13c80c,
10235,0,2,c8741ce15ceac2a4,1,20:06:23,102,7.0.5,d2cf44cec09806cc,VIVO X7PLUS,4a7dc7f2d5fb3732,6bdb3b7a2bda746a,,7dc5aeac1e0692a9,,,e995499b8da03e71,431c3184bcfa2a25,wkx8,1db4a90173b9926e,
10236,0,27,c8741ce15ceac2a4,1,0:13:19,102,7.0.9,09baf2f39bc3dc86,BLN-AL40,21ccbe5a2a9f9163,e41c87591f3daca7,,b95c3d99c778bab9,,,a8dc52f65085212e,6842112eb46b807a,wx4g,59d56684550022d2,
10237,0,23,c8741ce15ceac2a4,1,8:57:12,102,7.0.9,49dd36968dbfadda,OPPO R9 PLUSM A,bd7154513f5c24e8,edc32c398c702b43,,2699195d96ab5448,,,0ca9fb1fb287f311,,wmkj,7a952f19ce5ab36d,
10238,0,20,c8741ce15ceac2a4,1,10:06:15,102,7.0.9,a92470e4f878a3f4,M6 NOTE,2bd7dd548de5c1eb,1ad5bc297c03cbfd,,c97b8548354753f6,,,a8dc52f65085212e,,ws90,1394718c777fbeb5,
10239,0,18,c8741ce15ceac2a4,1,18:13:26,102,7.0.9,d2cf44cec09806cc,VIVO Y35A,117ff0997e8f8c68,263aebfd1f9c8d83,,9bdfaa44a7bb0a5c,,,a8f38f15aa9d8897,e643e126bada8f21,ws3c,a58b9c33b5f7e439,
10240,0,30,b501fa4fc58206b9,1,4:15:50,103,7.0.7,aca4977fbe8741e1,IPHONE 5S,,,,7fd567728af53c8d,,c88234fcef0a83c5,,,,f98d558c86f6e984,
10241,0,20,acfaded7e04e7ba0,0,11:16:10,102,7.0.0,8399be6b80847240,,5a2185d59ca8d282,,,938584ed3f038574,,,299869d9fa6644c2,,,f6a53982aad75bd1,
10242,0,30,c8741ce15ceac2a4,1,8:21:00,103,7.0.7,f8671421a0404412,IPHONE 7 PLUS,,,,4350513fd6968469,,3ca891770612c623,,579161fb1ad1919d,,fcfc19a8e4074f99,
10243,0,30,79f8b86938180c3c,,8:27:41,200,,,,,,,,,,,,,,
10244,0,10,c8741ce15ceac2a4,1,20:13:46,103,7.0.5,4fc6b76c5dfac260,IPHONE 6,,,,9b6357a488c7f9cd,,990ade99f8835375,,20d6089b514f7064,,9ce1b3701f3bf145,
10245,0,19,c8741ce15ceac2a4,1,14:45:35,102,7.0.9,09baf2f39bc3dc86,RNE-AL00,f8046386197043f5,e9ffa1af103ebe72,,e85787bb8c107795,,,a8dc52f65085212e,3689b6b6ade37fc8,wkxx,2123c354f7218597,
10246,0,14,c8741ce15ceac2a4,1,19:29:10,102,7.0.9,49dd36968dbfadda,OPPO R11S,6e720783e6c879db,03119d85c91824dc,,d0feda83cfa03bf5,,,a8dc52f65085212e,,ww2v,90cd75781eeff132,
10247,0,9,c8741ce15ceac2a4,1,8:02:44,102,7.0.5,a92470e4f878a3f4,M5,04c20fdf1dced629,70a47603de6e9b88,,872b36547e7d4d18,,,d66b601bc536dc68,224271362a390062,wt7w,9574a52e94043fd0,
10248,0,11,d25caee90b27fa9b,1,18:56:01,102,7.0.5,09baf2f39bc3dc86,,8ac137ca02eec530,29f789692620f969,,fed30f4a16e880b1,,,fd12057e1a67d8a8,,wme1,b3f3554a9945aee6,
10249,0,25,c8741ce15ceac2a4,1,9:46:22,102,7.0.9,d2cf44cec09806cc,VIVO Y79A,d1f78a1e992c4737,c4ba422dff5c1299,,71ffb40c5a5734df,,,a8dc52f65085212e,f9593d9f23454428,wwer,35f456a3ea322c4c,
10250,0,10,2f3e878175e34d9c,1,9:21:25,102,7.0.5,f0500a3e6cf7b756,W800,b1687c6505c2eea3,9359d29dc8bbbfd3,f0c8e14e5edfa764,ff7e9d4fb2e6a2a6,,,,,ww5j,dfd69a501ff956f5,
10251,0,3,cd75f033b0488ace,1,19:38:07,200,,,,,,,,3f9fec74514d5c8b,,,,,,5a03312d59a089b1
10252,1,17,c8741ce15ceac2a4,1,15:01:27,102,7.0.9,8da715186e14de1d,CM CM6,dff5c87481c003e0,88241898421390d5,,b21df8a8d0007048,,,38a94e686b50c58d,26f1d4986d8a6b95,wm3d,dde3762ac1e1eea6,
10253,0,1,acfaded7e04e7ba0,0,10:46:03,102,7.0.5,49dd36968dbfadda,OPPO R9S,bfa9cac3efd7647c,55c22c56bc83bc57,,d753b0e44bf32b5a,,,44d412cca5b9d7ed,,wrnc,18318e9a86beae3d,
10254,0,23,c8741ce15ceac2a4,1,20:06:08,102,7.0.9,d2cf44cec09806cc,VIVO X9,c08f6d72f1ce07d0,31b483fb20970ceb,,1bbc5f36a435bae2,,,3470e2f46107cc31,,wsb8,3cf66c66599050a0,
10255,0,10,c8741ce15ceac2a4,1,9:53:03,102,7.0.5,49dd36968dbfadda,OPPO R9SKT,6acb40176966a082,2a383b0c48edef3d,,919f7d10b29f59a7,,,52796a3196cf0d96,114f8413a8f21134,wt02,717902546839e312,
10256,0,19,e1d2fad8ffdc66b3,,9:05:06,200,,,,,,,,,,,,,,
10257,0,7,8c7ce5ff939e66d1,1,17:50:39,102,7.0.5,abc01ae41fae3e80,HISENSE E76MINI,f9eb80cf490c9d52,ba079cb134f873b6,b7ec71331feb5cc2,f003759326bcf7b8,,,,,wxyb,cedea308331d34c2,
10258,0,28,c8741ce15ceac2a4,1,19:22:31,102,7.0.9,d2cf44cec09806cc,VIVO Y66,d56825dc8230cde5,214e543125986169,,70726fe86dd66a58,,,cd85718d6037ba38,,wkr5,aa3f069d2c05b135,
10259,1,3,c8741ce15ceac2a4,1,12:24:05,102,6.6.2,0d4e77d48255a0a2,GIONEE GN5007,9fd349109b052335,8a3a4f12067a65ce,,90ca747beb6f9814,,,77a7b8c4de88c8b0,,ww8n,d63ff672a080be25,
10260,0,26,c8741ce15ceac2a4,1,22:14:08,102,7.0.9,09baf2f39bc3dc86,STF-AL10,e2e2a5fa4b12182f,e2bbb13d4dc3c259,,9b7bbccae189aaa3,,,a8dc52f65085212e,,wk8k,cd9609981ad78805,
10261,0,1,c8741ce15ceac2a4,1,16:36:13,102,7.0.5,85c87fbb67d94943,NEXUS 6,256daf7e210b9fcb,4a631099b1e9a6f2,,ad487bb9bb1c0013,,,a8dc52f65085212e,,wtwj,3199ef1f8afeb3c3,
10262,1,26,c8741ce15ceac2a4,1,20:38:13,102,7.0.9,a92470e4f878a3f4,PRO 6,e51deb027bbebf02,5da9994d1927d0cf,,5d7e4518b5b127c4,,,a8dc52f65085212e,,wsk5,5c175c7b79b11757,
10263,0,1,79f8b86938180c3c,,9:08:42,200,,,,,,,,,,,,,,
10264,0,16,acfaded7e04e7ba0,1,17:38:27,102,7.0.2,630a1adff2a87007,HM 1S,99d7a6b0e196ec3b,,,3bb2be72d1f772a7,,,9d35596837c45f44,5e25de6a8b8aab56,wrr2,ee5cf2a0194b55f3,
10265,0,7,cca82161b59127c1,1,21:55:51,200,,,,,,,,752f642d05d43361,,,,,,967dda78578e444c
10266,0,20,c8741ce15ceac2a4,1,5:39:20,102,7.0.9,09baf2f39bc3dc86,HUAWEI VNS-AL00,644cdae9195e5cb3,63cde4bd8691003c,,d4499a8231305ec5,,,6fffbc948f899673,,wxy0,2ded8d34af2fb521,
10267,0,6,d25caee90b27fa9b,1,4:57:29,102,7.0.5,09baf2f39bc3dc86,,0732a447a7bdc921,19b8420c5c9d8278,,7d19eba81ce758b8,,,a8dc52f65085212e,,wwe2,c8ce5330a4358c89,
10268,0,14,3b02bcd4b685d7a8,1,23:20:41,200,,,,,,,,19cfa58eeda26888,,,,,,f13ad1a449bcbd08
10269,0,28,e806d126013b42d1,1,16:55:03,102,7.0.9,49dd36968dbfadda,OPPO R9S PLUS,5eef5dc02ab891d9,bccb869f78ac1fb2,cc73cd8df1c5bac6,7b2f54b77d59de57,,,,,wqpg,04a6359658e14a56,
10270,0,29,c8741ce15ceac2a4,1,9:47:12,102,7.0.9,09baf2f39bc3dc86,HUAWEI SC-CL00,20b71e387b648f58,898ff6ed65f14bd4,,3770dfde5e98c75a,,,9cde5f30ee5a9257,8fa0148cb5277ea5,ww56,8b5c444111f18825,
10271,0,22,00094ae2a1d62504,1,21:49:00,200,,,,,,,,9c7a8f7aa9ca2d6c,,,,,,db7715e9fe6c975b
10272,1,9,c8741ce15ceac2a4,1,8:36:16,102,7.0.5,09baf2f39bc3dc86,BLN-AL40,3a6cad3a24aad20b,3bd69d6be2ce76c9,,f64491b696b644c3,,,a8dc52f65085212e,,wssk,47ce970c27fafb2b,
10273,0,27,d25caee90b27fa9b,0,10:01:01,102,7.0.2,d2cf44cec09806cc,,a7b5565a0ce74813,03e750ad3df08965,,7b41ffd8f9952ad4,,,365e6a49707dc90c,,wtdp,f8f096f8498a7463,
10274,0,28,acfaded7e04e7ba0,0,16:40:39,102,7.0.9,8f970961c66d9ec6,ZTE BA603,b293fdf0e37f6986,,,c2e32b17380569ca,,,412e8c418fe99e9f,e5c246d707b95841,wm6s,0a573a6a0aa2c80e,
10275,0,1,c8741ce15ceac2a4,1,10:07:43,102,7.0.5,49dd36968dbfadda,OPPO A37M,6b2eb75cc7ee6150,5d1c3bc0504c61e2,,7674e0cd1fed32f7,,,3f2a04fe56dce4c3,,tzuw,757c365919e0378c,
10276,0,5,cd75f033b0488ace,1,15:35:56,200,,,,,,,,4ca16b1075d520fc,,,,,,e044c6bfc72747c5
10277,0,1,d25caee90b27fa9b,1,17:50:53,102,7.0.5,09baf2f39bc3dc86,,5048f88d0d373f90,6354df3269836614,,78f4a2b3802bb332,,,a8dc52f65085212e,,wmuj,05271f0608c4e711,
10278,0,17,d25caee90b27fa9b,1,13:37:45,103,6.6.3,430969917ef27935,,,,,4f733aa255d59ff5,,a8796da91e682e04,,,,5ac2aaf9ae0beefd,
10279,0,14,c8741ce15ceac2a4,1,23:50:43,102,7.0.9,09baf2f39bc3dc86,FRD-AL10,8739a6c8f977f310,3b7f9dab6bf9af1a,,7364d48289c10dca,,,a8dc52f65085212e,,wtw3,248cace00fc9618f,
10280,0,27,d25caee90b27fa9b,1,15:47:52,102,4.1.7,09baf2f39bc3dc86,,2667863aa7576dd2,efb7461412a108af,,99533c7d37963762,,,6e8cfb7543bf03d6,,,72309d88abb9b916,
10281,0,29,c8741ce15ceac2a4,1,21:01:20,102,7.0.9,09baf2f39bc3dc86,VTR-AL00,92f71ff2f5f448c6,9b932221efa706aa,,973a595957356ef0,,,a8dc52f65085212e,bbbf5a3b750ae42a,ws17,43e0ba8197b83a0e,
10282,0,29,b501fa4fc58206b9,1,10:40:43,102,7.0.9,d2cf44cec09806cc,VIVO X20A,e82c285218115a45,d80cb8399d685a20,6638c211737a3278,53490572732d1f39,,,,,wm3y,6658f9475be63651,
10283,0,16,479617cd802ed152,1,8:42:30,200,,,,,,,,b902f208509e57b5,,,,,,84c5db6a6320f271
10284,0,12,c8741ce15ceac2a4,1,14:03:53,103,7.0.5,217be25fde3ee53b,IPHONE 6S,,,,22e73aa3d78644e2,,62c8590ec9a64b06,,,,76f281f22ea4d16d,
10285,0,25,acfaded7e04e7ba0,1,14:29:23,103,7.0.7,27bd85ccb0b126a1,IPHONE 6S PLUS,,,,f22d07435d8a0f8b,,2965cb24ba698c56,,,,f5a6a5b7b53e92a2,
10286,0,3,d25caee90b27fa9b,1,12:36:34,102,6.6.2,09baf2f39bc3dc86,,9321b01041147454,399111ded27c7739,,3ff5390b405debdd,,,799d161c64806145,,wwef,d94909d0ad19ebac,
10287,0,15,d25caee90b27fa9b,1,10:52:07,107,,,,,,,,bb49f882520851f2,,,,,,56d808c6ce233ba2
10288,0,30,d25caee90b27fa9b,1,9:17:23,101,,,,,,,,,,,,,,
10289,0,28,b501fa4fc58206b9,1,10:46:41,103,7.0.7,49b4179bdd6d9220,IPHONE 7 PLUS,,,,2ac68fce59b4acea,,606f80cd142ef760,,,wtk1,8e370824fb1cd050,
10290,0,7,c8741ce15ceac2a4,1,5:37:10,103,5.8.15,fbf0b1eda0c289c6,IPHONE 6 PLUS,,,,3c730f62b44da04d,,7cb94c59e5cfb977,,,,9ca1547db4a42ef2,
10291,0,6,d21cae2b73884a8d,1,17:10:28,200,,,,,,,,0f7cdbdce8eaa95b,,,,,,1674a423a27cf03d
10292,0,10,cd75f033b0488ace,1,1:08:06,200,,,,,,,,24a9ec1f3a507414,,,,,,098d50e9bfb250a0
10293,1,16,c8741ce15ceac2a4,1,7:50:35,102,7.0.2,630a1adff2a87007,REDMI 3X,7b157c139ce9dba5,86782b43d33b1717,,d298ff1abb7527d1,,,425dca65452adf33,1303a98eb5ad0a37,wtg5,1594790e4b78f1e7,
10294,0,13,c8741ce15ceac2a4,1,13:30:51,102,7.0.5,49dd36968dbfadda,OPPO A73,e07e9c49290dbbec,ee0af0959858e4d2,,824080fca2246be2,,,a8dc52f65085212e,,wk2c,4b531679309bd88f,
10295,1,26,e1d2fad8ffdc66b3,,19:13:19,200,,,,,,,,,,,,,,
10296,0,22,d25caee90b27fa9b,1,19:31:41,102,7.0.9,d2cf44cec09806cc,,6e202aa50226300f,a8cdd09667d3214b,,e208e48702a69d98,,,ed70d14eb4d9aa01,,wrn4,a7016b837a81beda,
10297,0,2,c8741ce15ceac2a4,1,10:10:06,102,7.0.2,630a1adff2a87007,REDMI 3X,7b157c139ce9dba5,7106d4269a3b6613,,7d4bd5baad9345b8,,,a8dc52f65085212e,,wtg7,4726ce14c84e25c4,
10298,0,9,bf79b3647c0878eb,1,8:24:04,102,7.0.5,49dd36968dbfadda,A31C,d036ff8fc78512ad,12c44d51a02a26b4,6e45af28c0432857,bcc86882bcda03ba,,,,,wts6,e8b25b5a194d2991,
10299,0,16,d25caee90b27fa9b,1,10:33:56,103,7.0.7,aca4977fbe8741e1,,,,,15f653def2afd23a,,33363505cb6c1931,,,,74f58a522a55c4de,
